Env,Object Types,Num of Objects,Seed,Gamma,Episode #,Alpha,Epsilon,Cumulative Reward,Total Steps,Goal Reached
cafeWorld,1,1,100,0.9,0,0.3,0.99,-269.22,500,False
cafeWorld,1,1,100,0.9,1,0.3,0.9801,-267.54,500,False
cafeWorld,1,1,100,0.9,2,0.3,0.970299,-286.38,500,False
cafeWorld,1,1,100,0.9,3,0.3,0.960596,-213.57,500,False
cafeWorld,1,1,100,0.9,4,0.3,0.95099,-189.96,500,False
cafeWorld,1,1,100,0.9,5,0.3,0.94148,-278.08,500,False
cafeWorld,1,1,100,0.9,6,0.3,0.932065,-272.31,500,False
cafeWorld,1,1,100,0.9,7,0.3,0.922745,-259.69,500,False
cafeWorld,1,1,100,0.9,8,0.3,0.913517,-217.67,500,False
cafeWorld,1,1,100,0.9,9,0.3,0.904382,-287.11,500,False
cafeWorld,1,1,100,0.9,10,0.3,0.895338,-226.2,500,False
cafeWorld,1,1,100,0.9,11,0.3,0.886385,-243.43,500,False
cafeWorld,1,1,100,0.9,12,0.3,0.877521,-218.29,500,False
cafeWorld,1,1,100,0.9,13,0.3,0.868746,-234.29,500,False
cafeWorld,1,1,100,0.9,14,0.3,0.860058,-241.21,500,False
cafeWorld,1,1,100,0.9,15,0.3,0.851458,-179.49,500,False
cafeWorld,1,1,100,0.9,16,0.3,0.842943,-202.07,500,False
cafeWorld,1,1,100,0.9,17,0.3,0.834514,-155.15,500,False
cafeWorld,1,1,100,0.9,18,0.3,0.826169,-239.22,500,False
cafeWorld,1,1,100,0.9,19,0.3,0.817907,-267.56,500,False
cafeWorld,1,1,100,0.9,20,0.3,0.809728,-272.46,500,False
cafeWorld,1,1,100,0.9,21,0.3,0.801631,-281.03,500,False
cafeWorld,1,1,100,0.9,22,0.3,0.793614,-113.96,500,False
cafeWorld,1,1,100,0.9,23,0.3,0.785678,-142.6,500,False
cafeWorld,1,1,100,0.9,24,0.3,0.777821,-243.42,500,False
cafeWorld,1,1,100,0.9,25,0.3,0.770043,-160.65,500,False
cafeWorld,1,1,100,0.9,26,0.3,0.762343,-235.48,500,False
cafeWorld,1,1,100,0.9,27,0.3,0.754719,-226.98,500,False
cafeWorld,1,1,100,0.9,28,0.3,0.747172,-169.3,500,False
cafeWorld,1,1,100,0.9,29,0.3,0.7397,-272.57,500,False
cafeWorld,1,1,100,0.9,30,0.3,0.732303,-171.06,500,False
cafeWorld,1,1,100,0.9,31,0.3,0.72498,-145.79,500,False
cafeWorld,1,1,100,0.9,32,0.3,0.717731,-115.56,500,False
cafeWorld,1,1,100,0.9,33,0.3,0.710553,-223.63,500,False
cafeWorld,1,1,100,0.9,34,0.3,0.703448,-160.63,500,False
cafeWorld,1,1,100,0.9,35,0.3,0.696413,-201.27,500,False
cafeWorld,1,1,100,0.9,36,0.3,0.689449,-152.84,500,False
cafeWorld,1,1,100,0.9,37,0.3,0.682555,-225.16,500,False
cafeWorld,1,1,100,0.9,38,0.3,0.675729,-187.86,500,False
cafeWorld,1,1,100,0.9,39,0.3,0.668972,-208.66,500,False
cafeWorld,1,1,100,0.9,40,0.3,0.662282,-211.18,500,False
cafeWorld,1,1,100,0.9,41,0.3,0.655659,-183.35,500,False
cafeWorld,1,1,100,0.9,42,0.3,0.649103,-102.87,500,False
cafeWorld,1,1,100,0.9,43,0.3,0.642612,-155.53,500,False
cafeWorld,1,1,100,0.9,44,0.3,0.636185,-212.02,500,False
cafeWorld,1,1,100,0.9,45,0.3,0.629824,-144.24,500,False
cafeWorld,1,1,100,0.9,46,0.3,0.623525,-182.66,500,False
cafeWorld,1,1,100,0.9,47,0.3,0.61729,-143.28,500,False
cafeWorld,1,1,100,0.9,48,0.3,0.611117,-177.33,500,False
cafeWorld,1,1,100,0.9,49,0.3,0.605006,-150.93,500,False
cafeWorld,1,1,100,0.9,50,0.3,0.598956,-139.72,500,False
cafeWorld,1,1,100,0.9,51,0.3,0.592966,-112.05,500,False
cafeWorld,1,1,100,0.9,52,0.3,0.587037,-125.8,500,False
cafeWorld,1,1,100,0.9,53,0.3,0.581166,-197.1,500,False
cafeWorld,1,1,100,0.9,54,0.3,0.575355,-205.97,500,False
cafeWorld,1,1,100,0.9,55,0.3,0.569601,-167.11,500,False
cafeWorld,1,1,100,0.9,56,0.3,0.563905,-134.14,500,False
cafeWorld,1,1,100,0.9,57,0.3,0.558266,-233.13,500,False
cafeWorld,1,1,100,0.9,58,0.3,0.552683,-178.41,500,False
cafeWorld,1,1,100,0.9,59,0.3,0.547157,-142.57,500,False
cafeWorld,1,1,100,0.9,60,0.3,0.541685,-52.58,500,False
cafeWorld,1,1,100,0.9,61,0.3,0.536268,-118.51,500,False
cafeWorld,1,1,100,0.9,62,0.3,0.530906,-234.66,500,False
cafeWorld,1,1,100,0.9,63,0.3,0.525596,-110.76,500,False
cafeWorld,1,1,100,0.9,64,0.3,0.520341,-157.11,500,False
cafeWorld,1,1,100,0.9,65,0.3,0.515137,-137.47,500,False
cafeWorld,1,1,100,0.9,66,0.3,0.509986,-129.38,500,False
cafeWorld,1,1,100,0.9,67,0.3,0.504886,-136.22,500,False
cafeWorld,1,1,100,0.9,68,0.3,0.499837,-65.1,500,False
cafeWorld,1,1,100,0.9,69,0.3,0.494839,-80.57,500,False
cafeWorld,1,1,100,0.9,70,0.3,0.48989,-91.94,500,False
cafeWorld,1,1,100,0.9,71,0.3,0.484991,-160.05,500,False
cafeWorld,1,1,100,0.9,72,0.3,0.480141,-99.55,500,False
cafeWorld,1,1,100,0.9,73,0.3,0.47534,-88.81,500,False
cafeWorld,1,1,100,0.9,74,0.3,0.470587,-134.22,500,False
cafeWorld,1,1,100,0.9,75,0.3,0.465881,-135.99,500,False
cafeWorld,1,1,100,0.9,76,0.3,0.461222,-142.82,500,False
cafeWorld,1,1,100,0.9,77,0.3,0.45661,-169.7,500,False
cafeWorld,1,1,100,0.9,78,0.3,0.452044,-60.29,500,False
cafeWorld,1,1,100,0.9,79,0.3,0.447523,-90.11,500,False
cafeWorld,1,1,100,0.9,80,0.3,0.443048,-141.88,500,False
cafeWorld,1,1,100,0.9,81,0.3,0.438618,-78.7,500,False
cafeWorld,1,1,100,0.9,82,0.3,0.434231,-161.7,500,False
cafeWorld,1,1,100,0.9,83,0.3,0.429889,-90.73,500,False
cafeWorld,1,1,100,0.9,84,0.3,0.42559,-96.7,500,False
cafeWorld,1,1,100,0.9,85,0.3,0.421334,-129.84,500,False
cafeWorld,1,1,100,0.9,86,0.3,0.417121,-105.24,500,False
cafeWorld,1,1,100,0.9,87,0.3,0.41295,-80.14,500,False
cafeWorld,1,1,100,0.9,88,0.3,0.40882,-116.06,500,False
cafeWorld,1,1,100,0.9,89,0.3,0.404732,-112.06,500,False
cafeWorld,1,1,100,0.9,90,0.3,0.400685,-145.69,500,False
cafeWorld,1,1,100,0.9,91,0.3,0.396678,-155.74,500,False
cafeWorld,1,1,100,0.9,92,0.3,0.392711,-112.34,500,False
cafeWorld,1,1,100,0.9,93,0.3,0.388784,-74.34,500,False
cafeWorld,1,1,100,0.9,94,0.3,0.384896,-119.97,500,False
cafeWorld,1,1,100,0.9,95,0.3,0.381047,-80.28,500,False
cafeWorld,1,1,100,0.9,96,0.3,0.377237,-128.54,500,False
cafeWorld,1,1,100,0.9,97,0.3,0.373464,-64.12,500,False
cafeWorld,1,1,100,0.9,98,0.3,0.36973,-105.81,500,False
cafeWorld,1,1,100,0.9,99,0.3,0.366032,-105.64,500,False
cafeWorld,1,1,100,0.9,100,0.3,0.362372,-150.61,500,False
cafeWorld,1,1,100,0.9,101,0.3,0.358748,-120.18,500,False
cafeWorld,1,1,100,0.9,102,0.3,0.355161,-85.15,500,False
cafeWorld,1,1,100,0.9,103,0.3,0.351609,-133.02,500,False
cafeWorld,1,1,100,0.9,104,0.3,0.348093,-135.21,500,False
cafeWorld,1,1,100,0.9,105,0.3,0.344612,-146.38,500,False
cafeWorld,1,1,100,0.9,106,0.3,0.341166,-170.7,500,False
cafeWorld,1,1,100,0.9,107,0.3,0.337754,-164.33,500,False
cafeWorld,1,1,100,0.9,108,0.3,0.334377,-84.21,500,False
cafeWorld,1,1,100,0.9,109,0.3,0.331033,-82.38,500,False
cafeWorld,1,1,100,0.9,110,0.3,0.327723,-62.82,500,False
cafeWorld,1,1,100,0.9,111,0.3,0.324446,-120.36,500,False
cafeWorld,1,1,100,0.9,112,0.3,0.321201,-64,500,False
cafeWorld,1,1,100,0.9,113,0.3,0.317989,-127.92,500,False
cafeWorld,1,1,100,0.9,114,0.3,0.314809,-86.42,500,False
cafeWorld,1,1,100,0.9,115,0.3,0.311661,-90.05,500,False
cafeWorld,1,1,100,0.9,116,0.3,0.308544,-88.48,500,False
cafeWorld,1,1,100,0.9,117,0.3,0.305459,-74.47,500,False
cafeWorld,1,1,100,0.9,118,0.3,0.302404,-36.09,500,False
cafeWorld,1,1,100,0.9,119,0.3,0.29938,-129.24,500,False
cafeWorld,1,1,100,0.9,120,0.3,0.296387,-132.3,500,False
cafeWorld,1,1,100,0.9,121,0.3,0.293423,-145.94,500,False
cafeWorld,1,1,100,0.9,122,0.3,0.290488,-123.16,500,False
cafeWorld,1,1,100,0.9,123,0.3,0.287584,-63.57,500,False
cafeWorld,1,1,100,0.9,124,0.3,0.284708,-143.48,500,False
cafeWorld,1,1,100,0.9,125,0.3,0.281861,-98.19,500,False
cafeWorld,1,1,100,0.9,126,0.3,0.279042,-102.31,500,False
cafeWorld,1,1,100,0.9,127,0.3,0.276252,-44.82,500,False
cafeWorld,1,1,100,0.9,128,0.3,0.273489,-68.34,500,False
cafeWorld,1,1,100,0.9,129,0.3,0.270754,-102.53,500,False
cafeWorld,1,1,100,0.9,130,0.3,0.268047,-62.44,500,False
cafeWorld,1,1,100,0.9,131,0.3,0.265366,-82.77,500,False
cafeWorld,1,1,100,0.9,132,0.3,0.262713,-118.19,500,False
cafeWorld,1,1,100,0.9,133,0.3,0.260085,-70.06,500,False
cafeWorld,1,1,100,0.9,134,0.3,0.257485,-49.07,500,False
cafeWorld,1,1,100,0.9,135,0.3,0.25491,-164.47,500,False
cafeWorld,1,1,100,0.9,136,0.3,0.252361,-33.16,500,False
cafeWorld,1,1,100,0.9,137,0.3,0.249837,-28.91,500,False
cafeWorld,1,1,100,0.9,138,0.3,0.247339,-121.49,500,False
cafeWorld,1,1,100,0.9,139,0.3,0.244865,-39.13,500,False
cafeWorld,1,1,100,0.9,140,0.3,0.242417,-68.34,500,False
cafeWorld,1,1,100,0.9,141,0.3,0.239992,-35.53,500,False
cafeWorld,1,1,100,0.9,142,0.3,0.237593,-37.14,500,False
cafeWorld,1,1,100,0.9,143,0.3,0.235217,-103.62,500,False
cafeWorld,1,1,100,0.9,144,0.3,0.232864,-115.56,500,False
cafeWorld,1,1,100,0.9,145,0.3,0.230536,-81.12,500,False
cafeWorld,1,1,100,0.9,146,0.3,0.22823,-59.49,500,False
cafeWorld,1,1,100,0.9,147,0.3,0.225948,-93.87,500,False
cafeWorld,1,1,100,0.9,148,0.3,0.223689,-80.53,500,False
cafeWorld,1,1,100,0.9,149,0.3,0.221452,-69.63,500,False
cafeWorld,1,1,100,0.9,150,0.3,0.219237,-70.09,500,False
cafeWorld,1,1,100,0.9,151,0.3,0.217045,-25.42,500,False
cafeWorld,1,1,100,0.9,152,0.3,0.214874,-41.54,500,False
cafeWorld,1,1,100,0.9,153,0.3,0.212726,-103.32,500,False
cafeWorld,1,1,100,0.9,154,0.3,0.210598,-81.95,500,False
cafeWorld,1,1,100,0.9,155,0.3,0.208492,-109.8,500,False
cafeWorld,1,1,100,0.9,156,0.3,0.206408,-77.42,500,False
cafeWorld,1,1,100,0.9,157,0.3,0.204343,-38,500,False
cafeWorld,1,1,100,0.9,158,0.3,0.2023,-96.79,500,False
cafeWorld,1,1,100,0.9,159,0.3,0.200277,-73.74,500,False
cafeWorld,1,1,100,0.9,160,0.3,0.198274,-73.37,500,False
cafeWorld,1,1,100,0.9,161,0.3,0.196292,-59.47,500,False
cafeWorld,1,1,100,0.9,162,0.3,0.194329,-68.67,500,False
cafeWorld,1,1,100,0.9,163,0.3,0.192385,-109.24,500,False
cafeWorld,1,1,100,0.9,164,0.3,0.190461,-84.68,500,False
cafeWorld,1,1,100,0.9,165,0.3,0.188557,-56.45,500,False
cafeWorld,1,1,100,0.9,166,0.3,0.186671,-64.29,500,False
cafeWorld,1,1,100,0.9,167,0.3,0.184805,-58.19,500,False
cafeWorld,1,1,100,0.9,168,0.3,0.182957,-70.3,500,False
cafeWorld,1,1,100,0.9,169,0.3,0.181127,-38.09,500,False
cafeWorld,1,1,100,0.9,170,0.3,0.179316,-39.42,500,False
cafeWorld,1,1,100,0.9,171,0.3,0.177523,-58.92,500,False
cafeWorld,1,1,100,0.9,172,0.3,0.175747,-35.6,500,False
cafeWorld,1,1,100,0.9,173,0.3,0.17399,-77.78,500,False
cafeWorld,1,1,100,0.9,174,0.3,0.17225,-42.98,500,False
cafeWorld,1,1,100,0.9,175,0.3,0.170527,-82.89,500,False
cafeWorld,1,1,100,0.9,176,0.3,0.168822,-29.94,500,False
cafeWorld,1,1,100,0.9,177,0.3,0.167134,-37.47,500,False
cafeWorld,1,1,100,0.9,178,0.3,0.165463,-53.93,500,False
cafeWorld,1,1,100,0.9,179,0.3,0.163808,-68.64,500,False
cafeWorld,1,1,100,0.9,180,0.3,0.16217,-51.7,500,False
cafeWorld,1,1,100,0.9,181,0.3,0.160548,-32.47,500,False
cafeWorld,1,1,100,0.9,182,0.3,0.158943,-85.62,500,False
cafeWorld,1,1,100,0.9,183,0.3,0.157353,-87.55,500,False
cafeWorld,1,1,100,0.9,184,0.3,0.15578,-52.34,500,False
cafeWorld,1,1,100,0.9,185,0.3,0.154222,-103.57,500,False
cafeWorld,1,1,100,0.9,186,0.3,0.15268,-36.55,500,False
cafeWorld,1,1,100,0.9,187,0.3,0.151153,-23.83,500,False
cafeWorld,1,1,100,0.9,188,0.3,0.149641,-23.4,500,False
cafeWorld,1,1,100,0.9,189,0.3,0.148145,-68.26,500,False
cafeWorld,1,1,100,0.9,190,0.3,0.146664,-53.92,500,False
cafeWorld,1,1,100,0.9,191,0.3,0.145197,-38.6,500,False
cafeWorld,1,1,100,0.9,192,0.3,0.143745,-25.07,500,False
cafeWorld,1,1,100,0.9,193,0.3,0.142307,-103.37,500,False
cafeWorld,1,1,100,0.9,194,0.3,0.140884,-56.89,500,False
cafeWorld,1,1,100,0.9,195,0.3,0.139476,-26.42,500,False
cafeWorld,1,1,100,0.9,196,0.3,0.138081,-63.75,500,False
cafeWorld,1,1,100,0.9,197,0.3,0.1367,-41.66,500,False
cafeWorld,1,1,100,0.9,198,0.3,0.135333,-54.55,500,False
cafeWorld,1,1,100,0.9,199,0.3,0.13398,-24.53,500,False
cafeWorld,1,1,100,0.9,200,0.3,0.13264,-21.26,500,False
cafeWorld,1,1,100,0.9,201,0.3,0.131313,-20.41,500,False
cafeWorld,1,1,100,0.9,202,0.3,0.13,-33.4,500,False
cafeWorld,1,1,100,0.9,203,0.3,0.1287,-25.63,500,False
cafeWorld,1,1,100,0.9,204,0.3,0.127413,-51.18,500,False
cafeWorld,1,1,100,0.9,205,0.3,0.126139,-62.42,500,False
cafeWorld,1,1,100,0.9,206,0.3,0.124878,-43.94,500,False
cafeWorld,1,1,100,0.9,207,0.3,0.123629,-38.71,500,False
cafeWorld,1,1,100,0.9,208,0.3,0.122393,-26.09,500,False
cafeWorld,1,1,100,0.9,209,0.3,0.121169,-84.04,500,False
cafeWorld,1,1,100,0.9,210,0.3,0.119957,-78.99,500,False
cafeWorld,1,1,100,0.9,211,0.3,0.118758,-122.74,500,False
cafeWorld,1,1,100,0.9,212,0.3,0.11757,-37.55,500,False
cafeWorld,1,1,100,0.9,213,0.3,0.116394,-89.53,500,False
cafeWorld,1,1,100,0.9,214,0.3,0.11523,-21.02,500,False
cafeWorld,1,1,100,0.9,215,0.3,0.114078,-28.97,500,False
cafeWorld,1,1,100,0.9,216,0.3,0.112937,-26.52,500,False
cafeWorld,1,1,100,0.9,217,0.3,0.111808,-69.53,500,False
cafeWorld,1,1,100,0.9,218,0.3,0.11069,-35.37,500,False
cafeWorld,1,1,100,0.9,219,0.3,0.109583,-41.48,500,False
cafeWorld,1,1,100,0.9,220,0.3,0.108487,-58.21,500,False
cafeWorld,1,1,100,0.9,221,0.3,0.107402,-57.71,500,False
cafeWorld,1,1,100,0.9,222,0.3,0.106328,-21.38,500,False
cafeWorld,1,1,100,0.9,223,0.3,0.105265,-69.63,500,False
cafeWorld,1,1,100,0.9,224,0.3,0.104212,-68.17,500,False
cafeWorld,1,1,100,0.9,225,0.3,0.10317,-23.09,500,False
cafeWorld,1,1,100,0.9,226,0.3,0.102138,-89.03,500,False
cafeWorld,1,1,100,0.9,227,0.3,0.101117,-26.72,500,False
cafeWorld,1,1,100,0.9,228,0.3,0.100106,-33.52,500,False
cafeWorld,1,1,100,0.9,229,0.3,0.099105,-29.78,500,False
cafeWorld,1,1,100,0.9,230,0.3,0.098114,-21,500,False
cafeWorld,1,1,100,0.9,231,0.3,0.097133,-20.26,500,False
cafeWorld,1,1,100,0.9,232,0.3,0.096161,-67.31,500,False
cafeWorld,1,1,100,0.9,233,0.3,0.0952,-86.51,500,False
cafeWorld,1,1,100,0.9,234,0.3,0.094248,-40.87,500,False
cafeWorld,1,1,100,0.9,235,0.3,0.093305,-71.78,500,False
cafeWorld,1,1,100,0.9,236,0.3,0.092372,-25.04,500,False
cafeWorld,1,1,100,0.9,237,0.3,0.091448,-55.22,500,False
cafeWorld,1,1,100,0.9,238,0.3,0.090534,-48.33,500,False
cafeWorld,1,1,100,0.9,239,0.3,0.089629,-26.44,500,False
cafeWorld,1,1,100,0.9,240,0.3,0.088732,-30.18,500,False
cafeWorld,1,1,100,0.9,241,0.3,0.087845,-38.59,500,False
cafeWorld,1,1,100,0.9,242,0.3,0.086967,-41.21,500,False
cafeWorld,1,1,100,0.9,243,0.3,0.086097,-21.83,500,False
cafeWorld,1,1,100,0.9,244,0.3,0.085236,-84.39,500,False
cafeWorld,1,1,100,0.9,245,0.3,0.084384,-39.82,500,False
cafeWorld,1,1,100,0.9,246,0.3,0.08354,-30.99,500,False
cafeWorld,1,1,100,0.9,247,0.3,0.082704,-38.13,500,False
cafeWorld,1,1,100,0.9,248,0.3,0.081877,-40.74,500,False
cafeWorld,1,1,100,0.9,249,0.3,0.081059,-63.56,500,False
cafeWorld,1,1,100,0.9,250,0.3,0.080248,-23.3,500,False
cafeWorld,1,1,100,0.9,251,0.3,0.079445,-53.15,500,False
cafeWorld,1,1,100,0.9,252,0.3,0.078651,-42.76,500,False
cafeWorld,1,1,100,0.9,253,0.3,0.077864,-23.45,500,False
cafeWorld,1,1,100,0.9,254,0.3,0.077086,-20.25,500,False
cafeWorld,1,1,100,0.9,255,0.3,0.076315,-27.33,500,False
cafeWorld,1,1,100,0.9,256,0.3,0.075552,-27.56,500,False
cafeWorld,1,1,100,0.9,257,0.3,0.074796,-20.91,500,False
cafeWorld,1,1,100,0.9,258,0.3,0.074048,-21.09,500,False
cafeWorld,1,1,100,0.9,259,0.3,0.073308,-70.74,500,False
cafeWorld,1,1,100,0.9,260,0.3,0.072575,-20.02,500,False
cafeWorld,1,1,100,0.9,261,0.3,0.071849,-41.44,500,False
cafeWorld,1,1,100,0.9,262,0.3,0.071131,-41.05,500,False
cafeWorld,1,1,100,0.9,263,0.3,0.070419,-20.97,500,False
cafeWorld,1,1,100,0.9,264,0.3,0.069715,-22.89,500,False
cafeWorld,1,1,100,0.9,265,0.3,0.069018,-42.77,500,False
cafeWorld,1,1,100,0.9,266,0.3,0.068328,-26.13,500,False
cafeWorld,1,1,100,0.9,267,0.3,0.067644,-26.17,500,False
cafeWorld,1,1,100,0.9,268,0.3,0.066968,-44.33,500,False
cafeWorld,1,1,100,0.9,269,0.3,0.066298,-24.19,500,False
cafeWorld,1,1,100,0.9,270,0.3,0.065635,-24.84,500,False
cafeWorld,1,1,100,0.9,271,0.3,0.064979,-38.61,374,True
cafeWorld,1,1,100,0.9,272,0.3,0.064329,-57.84,500,False
cafeWorld,1,1,100,0.9,273,0.3,0.063686,-33.5,500,False
cafeWorld,1,1,100,0.9,274,0.3,0.063049,-33.1,500,False
cafeWorld,1,1,100,0.9,275,0.3,0.062419,-20.32,500,False
cafeWorld,1,1,100,0.9,276,0.3,0.061794,-102.71,500,False
cafeWorld,1,1,100,0.9,277,0.3,0.061176,-37.03,500,False
cafeWorld,1,1,100,0.9,278,0.3,0.060565,-24.49,500,False
cafeWorld,1,1,100,0.9,279,0.3,0.059959,-19.9,500,False
cafeWorld,1,1,100,0.9,280,0.3,0.059359,-21.27,500,False
cafeWorld,1,1,100,0.9,281,0.3,0.058766,-26.1,444,True
cafeWorld,1,1,100,0.9,282,0.3,0.058178,-19.94,500,False
cafeWorld,1,1,100,0.9,283,0.3,0.057596,-68.45,500,False
cafeWorld,1,1,100,0.9,284,0.3,0.05702,-53.89,493,True
cafeWorld,1,1,100,0.9,285,0.3,0.05645,-20.14,500,False
cafeWorld,1,1,100,0.9,286,0.3,0.055886,-50.98,500,False
cafeWorld,1,1,100,0.9,287,0.3,0.055327,-33.96,500,False
cafeWorld,1,1,100,0.9,288,0.3,0.054774,-22.96,500,False
cafeWorld,1,1,100,0.9,289,0.3,0.054226,-18.78,500,False
cafeWorld,1,1,100,0.9,290,0.3,0.053684,-19.05,500,False
cafeWorld,1,1,100,0.9,291,0.3,0.053147,-58.56,500,False
cafeWorld,1,1,100,0.9,292,0.3,0.052615,-77.5,500,False
cafeWorld,1,1,100,0.9,293,0.3,0.052089,-18.81,500,False
cafeWorld,1,1,100,0.9,294,0.3,0.051568,-69.09,233,True
cafeWorld,1,1,100,0.9,295,0.3,0.051053,-21.87,500,False
cafeWorld,1,1,100,0.9,296,0.3,0.050542,-19.07,500,False
cafeWorld,1,1,100,0.9,297,0.3,0.050037,-39.19,500,False
cafeWorld,1,1,100,0.9,298,0.3,0.049536,-22.13,500,False
cafeWorld,1,1,100,0.9,299,0.3,0.049041,-23.07,500,False
cafeWorld,1,1,100,0.9,300,0.3,0.04855,-20.09,500,False
cafeWorld,1,1,100,0.9,301,0.3,0.048065,-20.44,321,True
cafeWorld,1,1,100,0.9,302,0.3,0.047584,-40.99,149,True
cafeWorld,1,1,100,0.9,303,0.3,0.047108,-28.04,500,False
cafeWorld,1,1,100,0.9,304,0.3,0.046637,-20.46,500,False
cafeWorld,1,1,100,0.9,305,0.3,0.046171,-19.99,500,False
cafeWorld,1,1,100,0.9,306,0.3,0.045709,-45.67,379,True
cafeWorld,1,1,100,0.9,307,0.3,0.045252,-44.59,302,True
cafeWorld,1,1,100,0.9,308,0.3,0.0448,-68.55,500,False
cafeWorld,1,1,100,0.9,309,0.3,0.044352,-27.69,387,True
cafeWorld,1,1,100,0.9,310,0.3,0.043908,-33.3,500,False
cafeWorld,1,1,100,0.9,311,0.3,0.043469,-45.55,500,False
cafeWorld,1,1,100,0.9,312,0.3,0.043034,-31.11,500,False
cafeWorld,1,1,100,0.9,313,0.3,0.042604,-59.34,500,False
cafeWorld,1,1,100,0.9,314,0.3,0.042178,-19.81,500,False
cafeWorld,1,1,100,0.9,315,0.3,0.041756,-22.16,312,True
cafeWorld,1,1,100,0.9,316,0.3,0.041339,-23.15,500,False
cafeWorld,1,1,100,0.9,317,0.3,0.040925,-45.29,232,True
cafeWorld,1,1,100,0.9,318,0.3,0.040516,-19.14,500,False
cafeWorld,1,1,100,0.9,319,0.3,0.040111,-35.72,491,True
cafeWorld,1,1,100,0.9,320,0.3,0.03971,-30.14,497,True
cafeWorld,1,1,100,0.9,321,0.3,0.039313,-31.87,500,False
cafeWorld,1,1,100,0.9,322,0.3,0.03892,-19.74,341,True
cafeWorld,1,1,100,0.9,323,0.3,0.03853,-23.14,265,True
cafeWorld,1,1,100,0.9,324,0.3,0.038145,-29.38,245,True
cafeWorld,1,1,100,0.9,325,0.3,0.037764,-23.23,500,False
cafeWorld,1,1,100,0.9,326,0.3,0.037386,-33.95,371,True
cafeWorld,1,1,100,0.9,327,0.3,0.037012,-19.53,500,False
cafeWorld,1,1,100,0.9,328,0.3,0.036642,-45.59,405,True
cafeWorld,1,1,100,0.9,329,0.3,0.036276,-66.95,500,False
cafeWorld,1,1,100,0.9,330,0.3,0.035913,-22.23,382,True
cafeWorld,1,1,100,0.9,331,0.3,0.035554,-35.57,431,True
cafeWorld,1,1,100,0.9,332,0.3,0.035198,-20.53,233,True
cafeWorld,1,1,100,0.9,333,0.3,0.034846,-36.19,500,False
cafeWorld,1,1,100,0.9,334,0.3,0.034498,-23.65,248,True
cafeWorld,1,1,100,0.9,335,0.3,0.034153,-21.07,302,True
cafeWorld,1,1,100,0.9,336,0.3,0.033811,-32.55,236,True
cafeWorld,1,1,100,0.9,337,0.3,0.033473,-22.24,400,True
cafeWorld,1,1,100,0.9,338,0.3,0.033138,-68.53,469,True
cafeWorld,1,1,100,0.9,339,0.3,0.032807,-19.36,500,False
cafeWorld,1,1,100,0.9,340,0.3,0.032479,-20.84,145,True
cafeWorld,1,1,100,0.9,341,0.3,0.032154,-24.24,154,True
cafeWorld,1,1,100,0.9,342,0.3,0.031833,-21.68,136,True
cafeWorld,1,1,100,0.9,343,0.3,0.031514,-19,146,True
cafeWorld,1,1,100,0.9,344,0.3,0.031199,-18.79,136,True
cafeWorld,1,1,100,0.9,345,0.3,0.030887,-46.21,170,True
cafeWorld,1,1,100,0.9,346,0.3,0.030578,-51.32,388,True
cafeWorld,1,1,100,0.9,347,0.3,0.030272,-20.37,140,True
cafeWorld,1,1,100,0.9,348,0.3,0.02997,-19.32,170,True
cafeWorld,1,1,100,0.9,349,0.3,0.02967,-18.78,239,True
cafeWorld,1,1,100,0.9,350,0.3,0.029373,-24.82,148,True
cafeWorld,1,1,100,0.9,351,0.3,0.02908,-19.06,142,True
cafeWorld,1,1,100,0.9,352,0.3,0.028789,-29.46,177,True
cafeWorld,1,1,100,0.9,353,0.3,0.028501,-21.64,149,True
cafeWorld,1,1,100,0.9,354,0.3,0.028216,-20.08,139,True
cafeWorld,1,1,100,0.9,355,0.3,0.027934,-21.21,158,True
cafeWorld,1,1,100,0.9,356,0.3,0.027654,-18.78,149,True
cafeWorld,1,1,100,0.9,357,0.3,0.027378,-27.89,122,True
cafeWorld,1,1,100,0.9,358,0.3,0.027104,-18.78,142,True
cafeWorld,1,1,100,0.9,359,0.3,0.026833,-49.63,136,True
cafeWorld,1,1,100,0.9,360,0.3,0.026565,-24.41,130,True
cafeWorld,1,1,100,0.9,361,0.3,0.026299,-18.78,130,True
cafeWorld,1,1,100,0.9,362,0.3,0.026036,-19.09,123,True
cafeWorld,1,1,100,0.9,363,0.3,0.025776,-18.75,164,True
cafeWorld,1,1,100,0.9,364,0.3,0.025518,-28.23,164,True
cafeWorld,1,1,100,0.9,365,0.3,0.025263,-18.81,119,True
cafeWorld,1,1,100,0.9,366,0.3,0.02501,-41.89,145,True
cafeWorld,1,1,100,0.9,367,0.3,0.02476,-18.9,116,True
cafeWorld,1,1,100,0.9,368,0.3,0.024512,-28.21,121,True
cafeWorld,1,1,100,0.9,369,0.3,0.024267,-18.78,135,True
cafeWorld,1,1,100,0.9,370,0.3,0.024025,-21.19,119,True
cafeWorld,1,1,100,0.9,371,0.3,0.023784,-33.31,117,True
cafeWorld,1,1,100,0.9,372,0.3,0.023547,-18.78,116,True
cafeWorld,1,1,100,0.9,373,0.3,0.023311,-19.55,130,True
cafeWorld,1,1,100,0.9,374,0.3,0.023078,-18.77,114,True
cafeWorld,1,1,100,0.9,375,0.3,0.022847,-30.04,123,True
cafeWorld,1,1,100,0.9,376,0.3,0.022619,-18.79,117,True
cafeWorld,1,1,100,0.9,377,0.3,0.022393,-21.94,118,True
cafeWorld,1,1,100,0.9,378,0.3,0.022169,-23.81,122,True
cafeWorld,1,1,100,0.9,379,0.3,0.021947,-19,118,True
cafeWorld,1,1,100,0.9,380,0.3,0.021727,-18.79,122,True
cafeWorld,1,1,100,0.9,381,0.3,0.02151,-67.04,121,True
cafeWorld,1,1,100,0.9,382,0.3,0.021295,-18.77,114,True
cafeWorld,1,1,100,0.9,383,0.3,0.021082,-18.77,114,True
cafeWorld,1,1,100,0.9,384,0.3,0.020871,-20.99,116,True
cafeWorld,1,1,100,0.9,385,0.3,0.020663,-18.78,114,True
cafeWorld,1,1,100,0.9,386,0.3,0.020456,-33.51,121,True
cafeWorld,1,1,100,0.9,387,0.3,0.020251,-18.98,121,True
cafeWorld,1,1,100,0.9,388,0.3,0.020049,-18.94,118,True
cafeWorld,1,1,100,0.9,389,0.3,0.019848,-37.26,119,True
cafeWorld,1,1,100,0.9,390,0.3,0.01965,-18.78,115,True
cafeWorld,1,1,100,0.9,391,0.3,0.019453,-18.79,116,True
cafeWorld,1,1,100,0.9,392,0.3,0.019259,-38.17,500,False
cafeWorld,1,1,100,0.9,393,0.3,0.019066,-19.27,117,True
cafeWorld,1,1,100,0.9,394,0.3,0.018876,-18.82,116,True
cafeWorld,1,1,100,0.9,395,0.3,0.018687,-29.88,116,True
cafeWorld,1,1,100,0.9,396,0.3,0.0185,-18.77,114,True
cafeWorld,1,1,100,0.9,397,0.3,0.018315,-41.93,117,True
cafeWorld,1,1,100,0.9,398,0.3,0.018132,-18.9,118,True
cafeWorld,1,1,100,0.9,399,0.3,0.017951,-21.68,116,True
cafeWorld,1,1,100,0.9,400,0.3,0.017771,-18.95,117,True
cafeWorld,1,1,100,0.9,401,0.3,0.017593,-18.78,118,True
cafeWorld,1,1,100,0.9,402,0.3,0.017417,-18.78,116,True
cafeWorld,1,1,100,0.9,403,0.3,0.017243,-23.51,116,True
cafeWorld,1,1,100,0.9,404,0.3,0.017071,-44.39,116,True
cafeWorld,1,1,100,0.9,405,0.3,0.0169,-18.77,114,True
cafeWorld,1,1,100,0.9,406,0.3,0.016731,-18.91,116,True
cafeWorld,1,1,100,0.9,407,0.3,0.016564,-19.13,117,True
cafeWorld,1,1,100,0.9,408,0.3,0.016398,-19.4,116,True
cafeWorld,1,1,100,0.9,409,0.3,0.016234,-32.41,121,True
cafeWorld,1,1,100,0.9,410,0.3,0.016072,-18.77,114,True
cafeWorld,1,1,100,0.9,411,0.3,0.015911,-19.82,500,False
cafeWorld,1,1,100,0.9,412,0.3,0.015752,-18.94,116,True
cafeWorld,1,1,100,0.9,413,0.3,0.015594,-19.98,114,True
cafeWorld,1,1,100,0.9,414,0.3,0.015439,-36.83,119,True
cafeWorld,1,1,100,0.9,415,0.3,0.015284,-18.77,114,True
cafeWorld,1,1,100,0.9,416,0.3,0.015131,-18.77,114,True
cafeWorld,1,1,100,0.9,417,0.3,0.01498,-19.21,116,True
cafeWorld,1,1,100,0.9,418,0.3,0.01483,-35.54,114,True
cafeWorld,1,1,100,0.9,419,0.3,0.014682,-18.77,114,True
cafeWorld,1,1,100,0.9,420,0.3,0.014535,-22.23,116,True
cafeWorld,1,1,100,0.9,421,0.3,0.01439,-19.75,114,True
cafeWorld,1,1,100,0.9,422,0.3,0.014246,-24.85,118,True
cafeWorld,1,1,100,0.9,423,0.3,0.014103,-46.58,130,True
cafeWorld,1,1,100,0.9,424,0.3,0.013962,-18.94,116,True
cafeWorld,1,1,100,0.9,425,0.3,0.013823,-18.78,114,True
cafeWorld,1,1,100,0.9,426,0.3,0.013684,-18.83,123,True
cafeWorld,1,1,100,0.9,427,0.3,0.013548,-18.78,114,True
cafeWorld,1,1,100,0.9,428,0.3,0.013412,-53.94,116,True
cafeWorld,1,1,100,0.9,429,0.3,0.013278,-18.81,116,True
cafeWorld,1,1,100,0.9,430,0.3,0.013145,-18.79,116,True
cafeWorld,1,1,100,0.9,431,0.3,0.013014,-26.1,116,True
cafeWorld,1,1,100,0.9,432,0.3,0.012884,-18.96,114,True
cafeWorld,1,1,100,0.9,433,0.3,0.012755,-18.79,114,True
cafeWorld,1,1,100,0.9,434,0.3,0.012627,-18.78,116,True
cafeWorld,1,1,100,0.9,435,0.3,0.012501,-18.78,116,True
cafeWorld,1,1,100,0.9,436,0.3,0.012376,-18.77,114,True
cafeWorld,1,1,100,0.9,437,0.3,0.012252,-19.26,116,True
cafeWorld,1,1,100,0.9,438,0.3,0.01213,-18.77,114,True
cafeWorld,1,1,100,0.9,439,0.3,0.012008,-20.06,114,True
cafeWorld,1,1,100,0.9,440,0.3,0.011888,-18.77,114,True
cafeWorld,1,1,100,0.9,441,0.3,0.011769,-20.22,118,True
cafeWorld,1,1,100,0.9,442,0.3,0.011652,-18.77,114,True
cafeWorld,1,1,100,0.9,443,0.3,0.011535,-19.07,116,True
cafeWorld,1,1,100,0.9,444,0.3,0.01142,-22.1,116,True
cafeWorld,1,1,100,0.9,445,0.3,0.011306,-18.77,114,True
cafeWorld,1,1,100,0.9,446,0.3,0.011193,-18.93,121,True
cafeWorld,1,1,100,0.9,447,0.3,0.011081,-18.94,116,True
cafeWorld,1,1,100,0.9,448,0.3,0.01097,-18.77,114,True
cafeWorld,1,1,100,0.9,449,0.3,0.01086,-19.4,116,True
cafeWorld,1,1,100,0.9,450,0.3,0.010752,-18.77,114,True
cafeWorld,1,1,100,0.9,451,0.3,0.010644,-18.8,116,True
cafeWorld,1,1,100,0.9,452,0.3,0.010538,-18.79,116,True
cafeWorld,1,1,100,0.9,453,0.3,0.010432,-19.07,116,True
cafeWorld,1,1,100,0.9,454,0.3,0.010328,-18.77,114,True
cafeWorld,1,1,100,0.9,455,0.3,0.010225,-20.75,114,True
cafeWorld,1,1,100,0.9,456,0.3,0.010122,-18.77,114,True
cafeWorld,1,1,100,0.9,457,0.3,0.010021,-18.78,114,True
cafeWorld,1,1,100,0.9,458,0.3,0.01,-22,114,True
cafeWorld,1,1,100,0.9,459,0.3,0.01,-19.46,116,True
cafeWorld,1,1,100,0.9,460,0.3,0.01,-18.77,114,True
cafeWorld,1,1,100,0.9,461,0.3,0.01,-18.79,116,True
cafeWorld,1,1,100,0.9,462,0.3,0.01,-18.78,116,True
cafeWorld,1,1,100,0.9,463,0.3,0.01,-18.77,114,True
cafeWorld,1,1,100,0.9,464,0.3,0.01,-18.78,117,True
cafeWorld,1,1,100,0.9,465,0.3,0.01,-31.38,119,True
cafeWorld,1,1,100,0.9,466,0.3,0.01,-19.46,114,True
cafeWorld,1,1,100,0.9,467,0.3,0.01,-18.77,114,True
cafeWorld,1,1,100,0.9,468,0.3,0.01,-18.77,114,True
cafeWorld,1,1,100,0.9,469,0.3,0.01,-19.08,116,True
cafeWorld,1,1,100,0.9,470,0.3,0.01,-18.94,116,True
cafeWorld,1,1,100,0.9,471,0.3,0.01,-18.77,114,True
cafeWorld,1,1,100,0.9,472,0.3,0.01,-18.77,114,True
cafeWorld,1,1,100,0.9,473,0.3,0.01,-19,116,True
cafeWorld,1,1,100,0.9,474,0.3,0.01,-18.77,114,True
cafeWorld,1,1,100,0.9,475,0.3,0.01,-19.49,114,True
cafeWorld,1,1,100,0.9,476,0.3,0.01,-19.07,116,True
cafeWorld,1,1,100,0.9,477,0.3,0.01,-18.78,116,True
cafeWorld,1,1,100,0.9,478,0.3,0.01,-18.78,115,True
cafeWorld,1,1,100,0.9,479,0.3,0.01,-18.78,114,True
cafeWorld,1,1,100,0.9,480,0.3,0.01,-18.78,114,True
cafeWorld,1,1,100,0.9,481,0.3,0.01,-18.77,114,True
cafeWorld,1,1,100,0.9,482,0.3,0.01,-18.77,114,True
cafeWorld,1,1,100,0.9,483,0.3,0.01,-21.12,121,True
cafeWorld,1,1,100,0.9,484,0.3,0.01,-32.36,115,True
cafeWorld,1,1,100,0.9,485,0.3,0.01,-37.53,116,True
cafeWorld,1,1,100,0.9,486,0.3,0.01,-18.77,114,True
cafeWorld,1,1,100,0.9,487,0.3,0.01,-18.94,116,True
cafeWorld,1,1,100,0.9,488,0.3,0.01,-18.78,115,True
cafeWorld,1,1,100,0.9,489,0.3,0.01,-21.14,118,True
cafeWorld,1,1,100,0.9,490,0.3,0.01,-39.44,116,True
cafeWorld,1,1,100,0.9,491,0.3,0.01,-22.22,114,True
cafeWorld,1,1,100,0.9,492,0.3,0.01,-18.77,114,True
cafeWorld,1,1,100,0.9,493,0.3,0.01,-24.97,123,True
cafeWorld,1,1,100,0.9,494,0.3,0.01,-18.94,117,True
cafeWorld,1,1,100,0.9,495,0.3,0.01,-25.98,114,True
cafeWorld,1,1,100,0.9,496,0.3,0.01,-18.83,118,True
cafeWorld,1,1,100,0.9,497,0.3,0.01,-18.77,114,True
cafeWorld,1,1,100,0.9,498,0.3,0.01,-18.77,114,True
cafeWorld,1,1,100,0.9,499,0.3,0.01,-18.77,114,True
bookWorld,1,1,100,0.9,0,0.3,0.99,-302.47,500,False
bookWorld,1,1,100,0.9,1,0.3,0.9801,-183.32,500,False
bookWorld,1,1,100,0.9,2,0.3,0.970299,-260.84,500,False
bookWorld,1,1,100,0.9,3,0.3,0.960596,-141.13,500,False
bookWorld,1,1,100,0.9,4,0.3,0.95099,-264.25,500,False
bookWorld,1,1,100,0.9,5,0.3,0.94148,-300.85,500,False
bookWorld,1,1,100,0.9,6,0.3,0.932065,-274.32,500,False
bookWorld,1,1,100,0.9,7,0.3,0.922745,-144.98,500,False
bookWorld,1,1,100,0.9,8,0.3,0.913517,-275.67,500,False
bookWorld,1,1,100,0.9,9,0.3,0.904382,-323.68,500,False
bookWorld,1,1,100,0.9,10,0.3,0.895338,-265.26,500,False
bookWorld,1,1,100,0.9,11,0.3,0.886385,-192.66,500,False
bookWorld,1,1,100,0.9,12,0.3,0.877521,-212.11,500,False
bookWorld,1,1,100,0.9,13,0.3,0.868746,-299.83,500,False
bookWorld,1,1,100,0.9,14,0.3,0.860058,-299.89,500,False
bookWorld,1,1,100,0.9,15,0.3,0.851458,-164.06,500,False
bookWorld,1,1,100,0.9,16,0.3,0.842943,-276.49,500,False
bookWorld,1,1,100,0.9,17,0.3,0.834514,-149.04,500,False
bookWorld,1,1,100,0.9,18,0.3,0.826169,-200.99,500,False
bookWorld,1,1,100,0.9,19,0.3,0.817907,-221.32,500,False
bookWorld,1,1,100,0.9,20,0.3,0.809728,-205.7,500,False
bookWorld,1,1,100,0.9,21,0.3,0.801631,-276.75,500,False
bookWorld,1,1,100,0.9,22,0.3,0.793614,-324.99,500,False
bookWorld,1,1,100,0.9,23,0.3,0.785678,-207.11,500,False
bookWorld,1,1,100,0.9,24,0.3,0.777821,-202.74,500,False
bookWorld,1,1,100,0.9,25,0.3,0.770043,-216.53,500,False
bookWorld,1,1,100,0.9,26,0.3,0.762343,-162.65,500,False
bookWorld,1,1,100,0.9,27,0.3,0.754719,-249.64,500,False
bookWorld,1,1,100,0.9,28,0.3,0.747172,-127.26,500,False
bookWorld,1,1,100,0.9,29,0.3,0.7397,-282.13,500,False
bookWorld,1,1,100,0.9,30,0.3,0.732303,-176.16,500,False
bookWorld,1,1,100,0.9,31,0.3,0.72498,-211.24,500,False
bookWorld,1,1,100,0.9,32,0.3,0.717731,-171.25,500,False
bookWorld,1,1,100,0.9,33,0.3,0.710553,-191.88,500,False
bookWorld,1,1,100,0.9,34,0.3,0.703448,-172.16,500,False
bookWorld,1,1,100,0.9,35,0.3,0.696413,-88.39,500,False
bookWorld,1,1,100,0.9,36,0.3,0.689449,-112.63,500,False
bookWorld,1,1,100,0.9,37,0.3,0.682555,-210.95,500,False
bookWorld,1,1,100,0.9,38,0.3,0.675729,-84.8,500,False
bookWorld,1,1,100,0.9,39,0.3,0.668972,-133.91,500,False
bookWorld,1,1,100,0.9,40,0.3,0.662282,-159.9,500,False
bookWorld,1,1,100,0.9,41,0.3,0.655659,-231.74,500,False
bookWorld,1,1,100,0.9,42,0.3,0.649103,-220.18,500,False
bookWorld,1,1,100,0.9,43,0.3,0.642612,-138.94,500,False
bookWorld,1,1,100,0.9,44,0.3,0.636185,-89.5,500,False
bookWorld,1,1,100,0.9,45,0.3,0.629824,-131.14,500,False
bookWorld,1,1,100,0.9,46,0.3,0.623525,-219.44,500,False
bookWorld,1,1,100,0.9,47,0.3,0.61729,-200.58,500,False
bookWorld,1,1,100,0.9,48,0.3,0.611117,-170.69,500,False
bookWorld,1,1,100,0.9,49,0.3,0.605006,-197.81,500,False
bookWorld,1,1,100,0.9,50,0.3,0.598956,-128.04,500,False
bookWorld,1,1,100,0.9,51,0.3,0.592966,-153.94,500,False
bookWorld,1,1,100,0.9,52,0.3,0.587037,-50.05,500,False
bookWorld,1,1,100,0.9,53,0.3,0.581166,-252.68,500,False
bookWorld,1,1,100,0.9,54,0.3,0.575355,-97.83,500,False
bookWorld,1,1,100,0.9,55,0.3,0.569601,-201.63,500,False
bookWorld,1,1,100,0.9,56,0.3,0.563905,-172.3,500,False
bookWorld,1,1,100,0.9,57,0.3,0.558266,-55.36,500,False
bookWorld,1,1,100,0.9,58,0.3,0.552683,-116.07,500,False
bookWorld,1,1,100,0.9,59,0.3,0.547157,-33,500,False
bookWorld,1,1,100,0.9,60,0.3,0.541685,-87.91,500,False
bookWorld,1,1,100,0.9,61,0.3,0.536268,-138.96,500,False
bookWorld,1,1,100,0.9,62,0.3,0.530906,-102.57,500,False
bookWorld,1,1,100,0.9,63,0.3,0.525596,-137.21,500,False
bookWorld,1,1,100,0.9,64,0.3,0.520341,-134.32,500,False
bookWorld,1,1,100,0.9,65,0.3,0.515137,-86.73,500,False
bookWorld,1,1,100,0.9,66,0.3,0.509986,-82.9,500,False
bookWorld,1,1,100,0.9,67,0.3,0.504886,-169.26,500,False
bookWorld,1,1,100,0.9,68,0.3,0.499837,-2.7,500,False
bookWorld,1,1,100,0.9,69,0.3,0.494839,-63.83,500,False
bookWorld,1,1,100,0.9,70,0.3,0.48989,-53.6,500,False
bookWorld,1,1,100,0.9,71,0.3,0.484991,-103.51,500,False
bookWorld,1,1,100,0.9,72,0.3,0.480141,-137.45,500,False
bookWorld,1,1,100,0.9,73,0.3,0.47534,-62.18,500,False
bookWorld,1,1,100,0.9,74,0.3,0.470587,-157.35,500,False
bookWorld,1,1,100,0.9,75,0.3,0.465881,-124.46,500,False
bookWorld,1,1,100,0.9,76,0.3,0.461222,-130.04,500,False
bookWorld,1,1,100,0.9,77,0.3,0.45661,-128.57,500,False
bookWorld,1,1,100,0.9,78,0.3,0.452044,-4.96,500,False
bookWorld,1,1,100,0.9,79,0.3,0.447523,-83.76,500,False
bookWorld,1,1,100,0.9,80,0.3,0.443048,-142.12,500,False
bookWorld,1,1,100,0.9,81,0.3,0.438618,-47.18,500,False
bookWorld,1,1,100,0.9,82,0.3,0.434231,-33.04,500,False
bookWorld,1,1,100,0.9,83,0.3,0.429889,-49.42,500,False
bookWorld,1,1,100,0.9,84,0.3,0.42559,-89.63,500,False
bookWorld,1,1,100,0.9,85,0.3,0.421334,-17.96,500,False
bookWorld,1,1,100,0.9,86,0.3,0.417121,-0.58,500,False
bookWorld,1,1,100,0.9,87,0.3,0.41295,-63.58,500,False
bookWorld,1,1,100,0.9,88,0.3,0.40882,-87.92,500,False
bookWorld,1,1,100,0.9,89,0.3,0.404732,-109.09,500,False
bookWorld,1,1,100,0.9,90,0.3,0.400685,-91.44,500,False
bookWorld,1,1,100,0.9,91,0.3,0.396678,-103.42,500,False
bookWorld,1,1,100,0.9,92,0.3,0.392711,-156.28,500,False
bookWorld,1,1,100,0.9,93,0.3,0.388784,-74.27,500,False
bookWorld,1,1,100,0.9,94,0.3,0.384896,-93.47,500,False
bookWorld,1,1,100,0.9,95,0.3,0.381047,-86.19,500,False
bookWorld,1,1,100,0.9,96,0.3,0.377237,-95.51,500,False
bookWorld,1,1,100,0.9,97,0.3,0.373464,-93.4,500,False
bookWorld,1,1,100,0.9,98,0.3,0.36973,-42.2,500,False
bookWorld,1,1,100,0.9,99,0.3,0.366032,-35.2,500,False
bookWorld,1,1,100,0.9,100,0.3,0.362372,-50.05,500,False
bookWorld,1,1,100,0.9,101,0.3,0.358748,-118.77,500,False
bookWorld,1,1,100,0.9,102,0.3,0.355161,-81.66,500,False
bookWorld,1,1,100,0.9,103,0.3,0.351609,-62.22,500,False
bookWorld,1,1,100,0.9,104,0.3,0.348093,-72.29,500,False
bookWorld,1,1,100,0.9,105,0.3,0.344612,-21.54,500,False
bookWorld,1,1,100,0.9,106,0.3,0.341166,-120.38,500,False
bookWorld,1,1,100,0.9,107,0.3,0.337754,-98.25,500,False
bookWorld,1,1,100,0.9,108,0.3,0.334377,-43.05,500,False
bookWorld,1,1,100,0.9,109,0.3,0.331033,-20.48,500,False
bookWorld,1,1,100,0.9,110,0.3,0.327723,-34.67,500,False
bookWorld,1,1,100,0.9,111,0.3,0.324446,-13.7,500,False
bookWorld,1,1,100,0.9,112,0.3,0.321201,-49.26,500,False
bookWorld,1,1,100,0.9,113,0.3,0.317989,-25.55,500,False
bookWorld,1,1,100,0.9,114,0.3,0.314809,-120.11,500,False
bookWorld,1,1,100,0.9,115,0.3,0.311661,-48.21,500,False
bookWorld,1,1,100,0.9,116,0.3,0.308544,-87.51,500,False
bookWorld,1,1,100,0.9,117,0.3,0.305459,-31.38,500,False
bookWorld,1,1,100,0.9,118,0.3,0.302404,19.98,500,False
bookWorld,1,1,100,0.9,119,0.3,0.29938,-68.69,500,False
bookWorld,1,1,100,0.9,120,0.3,0.296387,-80.39,500,False
bookWorld,1,1,100,0.9,121,0.3,0.293423,-47.34,500,False
bookWorld,1,1,100,0.9,122,0.3,0.290488,10.42,500,False
bookWorld,1,1,100,0.9,123,0.3,0.287584,-49.33,500,False
bookWorld,1,1,100,0.9,124,0.3,0.284708,3.63,500,False
bookWorld,1,1,100,0.9,125,0.3,0.281861,-28.49,500,False
bookWorld,1,1,100,0.9,126,0.3,0.279042,-36.5,500,False
bookWorld,1,1,100,0.9,127,0.3,0.276252,-71.74,500,False
bookWorld,1,1,100,0.9,128,0.3,0.273489,-97.76,500,False
bookWorld,1,1,100,0.9,129,0.3,0.270754,-57.38,500,False
bookWorld,1,1,100,0.9,130,0.3,0.268047,-71.82,500,False
bookWorld,1,1,100,0.9,131,0.3,0.265366,-28.54,500,False
bookWorld,1,1,100,0.9,132,0.3,0.262713,-59.05,500,False
bookWorld,1,1,100,0.9,133,0.3,0.260085,-25.36,500,False
bookWorld,1,1,100,0.9,134,0.3,0.257485,33.98,500,False
bookWorld,1,1,100,0.9,135,0.3,0.25491,5.04,500,False
bookWorld,1,1,100,0.9,136,0.3,0.252361,-6.65,500,False
bookWorld,1,1,100,0.9,137,0.3,0.249837,-62.41,500,False
bookWorld,1,1,100,0.9,138,0.3,0.247339,-63.23,500,False
bookWorld,1,1,100,0.9,139,0.3,0.244865,-44.15,500,False
bookWorld,1,1,100,0.9,140,0.3,0.242417,-33.42,500,False
bookWorld,1,1,100,0.9,141,0.3,0.239992,-1.07,500,False
bookWorld,1,1,100,0.9,142,0.3,0.237593,-94.61,500,False
bookWorld,1,1,100,0.9,143,0.3,0.235217,-17.35,500,False
bookWorld,1,1,100,0.9,144,0.3,0.232864,-140.6,500,False
bookWorld,1,1,100,0.9,145,0.3,0.230536,15.35,500,False
bookWorld,1,1,100,0.9,146,0.3,0.22823,-154.9,500,False
bookWorld,1,1,100,0.9,147,0.3,0.225948,8.34,500,False
bookWorld,1,1,100,0.9,148,0.3,0.223689,-9.08,500,False
bookWorld,1,1,100,0.9,149,0.3,0.221452,16.24,500,False
bookWorld,1,1,100,0.9,150,0.3,0.219237,-25.64,500,False
bookWorld,1,1,100,0.9,151,0.3,0.217045,-33.33,500,False
bookWorld,1,1,100,0.9,152,0.3,0.214874,24,500,False
bookWorld,1,1,100,0.9,153,0.3,0.212726,-14.97,500,False
bookWorld,1,1,100,0.9,154,0.3,0.210598,-51.07,500,False
bookWorld,1,1,100,0.9,155,0.3,0.208492,-7.05,500,False
bookWorld,1,1,100,0.9,156,0.3,0.206408,-122.73,500,False
bookWorld,1,1,100,0.9,157,0.3,0.204343,6.71,500,False
bookWorld,1,1,100,0.9,158,0.3,0.2023,-1.47,500,False
bookWorld,1,1,100,0.9,159,0.3,0.200277,-65.59,500,False
bookWorld,1,1,100,0.9,160,0.3,0.198274,-36.24,500,False
bookWorld,1,1,100,0.9,161,0.3,0.196292,25.93,500,False
bookWorld,1,1,100,0.9,162,0.3,0.194329,-1.53,500,False
bookWorld,1,1,100,0.9,163,0.3,0.192385,-71.48,500,False
bookWorld,1,1,100,0.9,164,0.3,0.190461,-51.31,500,False
bookWorld,1,1,100,0.9,165,0.3,0.188557,-28.53,500,False
bookWorld,1,1,100,0.9,166,0.3,0.186671,-1.6,500,False
bookWorld,1,1,100,0.9,167,0.3,0.184805,-54.12,500,False
bookWorld,1,1,100,0.9,168,0.3,0.182957,-13.17,500,False
bookWorld,1,1,100,0.9,169,0.3,0.181127,-46.18,500,False
bookWorld,1,1,100,0.9,170,0.3,0.179316,-24.62,500,False
bookWorld,1,1,100,0.9,171,0.3,0.177523,32.66,500,False
bookWorld,1,1,100,0.9,172,0.3,0.175747,27.07,500,False
bookWorld,1,1,100,0.9,173,0.3,0.17399,3.33,500,False
bookWorld,1,1,100,0.9,174,0.3,0.17225,24.6,500,False
bookWorld,1,1,100,0.9,175,0.3,0.170527,41.48,500,False
bookWorld,1,1,100,0.9,176,0.3,0.168822,-17.47,500,False
bookWorld,1,1,100,0.9,177,0.3,0.167134,42.59,500,False
bookWorld,1,1,100,0.9,178,0.3,0.165463,-6.49,500,False
bookWorld,1,1,100,0.9,179,0.3,0.163808,35.37,500,False
bookWorld,1,1,100,0.9,180,0.3,0.16217,-45.46,500,False
bookWorld,1,1,100,0.9,181,0.3,0.160548,20.64,500,False
bookWorld,1,1,100,0.9,182,0.3,0.158943,21.06,500,False
bookWorld,1,1,100,0.9,183,0.3,0.157353,32.98,500,False
bookWorld,1,1,100,0.9,184,0.3,0.15578,-19.61,500,False
bookWorld,1,1,100,0.9,185,0.3,0.154222,-43.02,500,False
bookWorld,1,1,100,0.9,186,0.3,0.15268,32.21,500,False
bookWorld,1,1,100,0.9,187,0.3,0.151153,-36.95,500,False
bookWorld,1,1,100,0.9,188,0.3,0.149641,-8.26,500,False
bookWorld,1,1,100,0.9,189,0.3,0.148145,-18.39,500,False
bookWorld,1,1,100,0.9,190,0.3,0.146664,-66.1,500,False
bookWorld,1,1,100,0.9,191,0.3,0.145197,-8.12,500,False
bookWorld,1,1,100,0.9,192,0.3,0.143745,37.66,500,False
bookWorld,1,1,100,0.9,193,0.3,0.142307,15.68,500,False
bookWorld,1,1,100,0.9,194,0.3,0.140884,31.67,500,False
bookWorld,1,1,100,0.9,195,0.3,0.139476,-29.69,500,False
bookWorld,1,1,100,0.9,196,0.3,0.138081,31.25,500,False
bookWorld,1,1,100,0.9,197,0.3,0.1367,-50.98,500,False
bookWorld,1,1,100,0.9,198,0.3,0.135333,16.05,500,False
bookWorld,1,1,100,0.9,199,0.3,0.13398,34.08,500,False
bookWorld,1,1,100,0.9,200,0.3,0.13264,2.97,500,False
bookWorld,1,1,100,0.9,201,0.3,0.131313,-32.61,500,False
bookWorld,1,1,100,0.9,202,0.3,0.13,14.22,500,False
bookWorld,1,1,100,0.9,203,0.3,0.1287,-2.38,500,False
bookWorld,1,1,100,0.9,204,0.3,0.127413,-2.78,500,False
bookWorld,1,1,100,0.9,205,0.3,0.126139,39.92,500,False
bookWorld,1,1,100,0.9,206,0.3,0.124878,29.12,500,False
bookWorld,1,1,100,0.9,207,0.3,0.123629,-20.19,500,False
bookWorld,1,1,100,0.9,208,0.3,0.122393,36.15,500,False
bookWorld,1,1,100,0.9,209,0.3,0.121169,5.16,500,False
bookWorld,1,1,100,0.9,210,0.3,0.119957,34.08,500,False
bookWorld,1,1,100,0.9,211,0.3,0.118758,41.04,500,False
bookWorld,1,1,100,0.9,212,0.3,0.11757,39.29,500,False
bookWorld,1,1,100,0.9,213,0.3,0.116394,30.81,500,False
bookWorld,1,1,100,0.9,214,0.3,0.11523,-28.18,500,False
bookWorld,1,1,100,0.9,215,0.3,0.114078,39.17,500,False
bookWorld,1,1,100,0.9,216,0.3,0.112937,31.93,500,False
bookWorld,1,1,100,0.9,217,0.3,0.111808,28.23,500,False
bookWorld,1,1,100,0.9,218,0.3,0.11069,40.86,500,False
bookWorld,1,1,100,0.9,219,0.3,0.109583,-21.42,500,False
bookWorld,1,1,100,0.9,220,0.3,0.108487,-0.86,500,False
bookWorld,1,1,100,0.9,221,0.3,0.107402,-13.76,500,False
bookWorld,1,1,100,0.9,222,0.3,0.106328,19.43,500,False
bookWorld,1,1,100,0.9,223,0.3,0.105265,-7.11,500,False
bookWorld,1,1,100,0.9,224,0.3,0.104212,33.48,500,False
bookWorld,1,1,100,0.9,225,0.3,0.10317,33.14,500,False
bookWorld,1,1,100,0.9,226,0.3,0.102138,44.25,500,False
bookWorld,1,1,100,0.9,227,0.3,0.101117,-9.42,500,False
bookWorld,1,1,100,0.9,228,0.3,0.100106,31.85,500,False
bookWorld,1,1,100,0.9,229,0.3,0.099105,33.29,500,False
bookWorld,1,1,100,0.9,230,0.3,0.098114,12.91,500,False
bookWorld,1,1,100,0.9,231,0.3,0.097133,25.04,500,False
bookWorld,1,1,100,0.9,232,0.3,0.096161,15.04,500,False
bookWorld,1,1,100,0.9,233,0.3,0.0952,38.65,500,False
bookWorld,1,1,100,0.9,234,0.3,0.094248,-21.95,500,False
bookWorld,1,1,100,0.9,235,0.3,0.093305,12.81,500,False
bookWorld,1,1,100,0.9,236,0.3,0.092372,14.6,500,False
bookWorld,1,1,100,0.9,237,0.3,0.091448,21.45,500,False
bookWorld,1,1,100,0.9,238,0.3,0.090534,20.63,500,False
bookWorld,1,1,100,0.9,239,0.3,0.089629,1.27,500,False
bookWorld,1,1,100,0.9,240,0.3,0.088732,36.85,500,False
bookWorld,1,1,100,0.9,241,0.3,0.087845,15.19,500,False
bookWorld,1,1,100,0.9,242,0.3,0.086967,-18.06,500,False
bookWorld,1,1,100,0.9,243,0.3,0.086097,35.7,500,False
bookWorld,1,1,100,0.9,244,0.3,0.085236,15.96,500,False
bookWorld,1,1,100,0.9,245,0.3,0.084384,44.19,500,False
bookWorld,1,1,100,0.9,246,0.3,0.08354,32.1,500,False
bookWorld,1,1,100,0.9,247,0.3,0.082704,27.54,500,False
bookWorld,1,1,100,0.9,248,0.3,0.081877,4.54,500,False
bookWorld,1,1,100,0.9,249,0.3,0.081059,42.92,500,False
bookWorld,1,1,100,0.9,250,0.3,0.080248,40.02,500,False
bookWorld,1,1,100,0.9,251,0.3,0.079445,43.22,500,False
bookWorld,1,1,100,0.9,252,0.3,0.078651,2.54,500,False
bookWorld,1,1,100,0.9,253,0.3,0.077864,40.12,500,False
bookWorld,1,1,100,0.9,254,0.3,0.077086,42.74,500,False
bookWorld,1,1,100,0.9,255,0.3,0.076315,39.8,500,False
bookWorld,1,1,100,0.9,256,0.3,0.075552,18.53,500,False
bookWorld,1,1,100,0.9,257,0.3,0.074796,35.83,500,False
bookWorld,1,1,100,0.9,258,0.3,0.074048,-36.32,500,False
bookWorld,1,1,100,0.9,259,0.3,0.073308,30.5,500,False
bookWorld,1,1,100,0.9,260,0.3,0.072575,41.57,500,False
bookWorld,1,1,100,0.9,261,0.3,0.071849,-25.8,500,False
bookWorld,1,1,100,0.9,262,0.3,0.071131,-12.12,500,False
bookWorld,1,1,100,0.9,263,0.3,0.070419,41.53,500,False
bookWorld,1,1,100,0.9,264,0.3,0.069715,27.93,500,False
bookWorld,1,1,100,0.9,265,0.3,0.069018,16.1,500,False
bookWorld,1,1,100,0.9,266,0.3,0.068328,1.95,500,False
bookWorld,1,1,100,0.9,267,0.3,0.067644,18.45,500,False
bookWorld,1,1,100,0.9,268,0.3,0.066968,34.44,500,False
bookWorld,1,1,100,0.9,269,0.3,0.066298,19.92,500,False
bookWorld,1,1,100,0.9,270,0.3,0.065635,41.86,500,False
bookWorld,1,1,100,0.9,271,0.3,0.064979,15.72,500,False
bookWorld,1,1,100,0.9,272,0.3,0.064329,44.37,500,False
bookWorld,1,1,100,0.9,273,0.3,0.063686,32.92,500,False
bookWorld,1,1,100,0.9,274,0.3,0.063049,44.14,500,False
bookWorld,1,1,100,0.9,275,0.3,0.062419,-26.51,500,False
bookWorld,1,1,100,0.9,276,0.3,0.061794,41.85,500,False
bookWorld,1,1,100,0.9,277,0.3,0.061176,43.41,500,False
bookWorld,1,1,100,0.9,278,0.3,0.060565,44.49,500,False
bookWorld,1,1,100,0.9,279,0.3,0.059959,44.45,500,False
bookWorld,1,1,100,0.9,280,0.3,0.059359,41.3,500,False
bookWorld,1,1,100,0.9,281,0.3,0.058766,20.53,500,False
bookWorld,1,1,100,0.9,282,0.3,0.058178,44.41,500,False
bookWorld,1,1,100,0.9,283,0.3,0.057596,43.54,500,False
bookWorld,1,1,100,0.9,284,0.3,0.05702,-18.12,500,False
bookWorld,1,1,100,0.9,285,0.3,0.05645,42.95,500,False
bookWorld,1,1,100,0.9,286,0.3,0.055886,43.9,500,False
bookWorld,1,1,100,0.9,287,0.3,0.055327,44.24,500,False
bookWorld,1,1,100,0.9,288,0.3,0.054774,44.3,500,False
bookWorld,1,1,100,0.9,289,0.3,0.054226,39.36,500,False
bookWorld,1,1,100,0.9,290,0.3,0.053684,40.22,500,False
bookWorld,1,1,100,0.9,291,0.3,0.053147,37.56,500,False
bookWorld,1,1,100,0.9,292,0.3,0.052615,43.94,500,False
bookWorld,1,1,100,0.9,293,0.3,0.052089,29.18,500,False
bookWorld,1,1,100,0.9,294,0.3,0.051568,-46.7,500,False
bookWorld,1,1,100,0.9,295,0.3,0.051053,-6.37,500,False
bookWorld,1,1,100,0.9,296,0.3,0.050542,40.65,500,False
bookWorld,1,1,100,0.9,297,0.3,0.050037,44.48,500,False
bookWorld,1,1,100,0.9,298,0.3,0.049536,-11.76,500,False
bookWorld,1,1,100,0.9,299,0.3,0.049041,11.38,500,False
bookWorld,1,1,100,0.9,300,0.3,0.04855,22.29,500,False
bookWorld,1,1,100,0.9,301,0.3,0.048065,43.95,500,False
bookWorld,1,1,100,0.9,302,0.3,0.047584,30.84,500,False
bookWorld,1,1,100,0.9,303,0.3,0.047108,9.96,500,False
bookWorld,1,1,100,0.9,304,0.3,0.046637,44.49,500,False
bookWorld,1,1,100,0.9,305,0.3,0.046171,-16,500,False
bookWorld,1,1,100,0.9,306,0.3,0.045709,29.43,500,False
bookWorld,1,1,100,0.9,307,0.3,0.045252,43.12,500,False
bookWorld,1,1,100,0.9,308,0.3,0.0448,34.76,500,False
bookWorld,1,1,100,0.9,309,0.3,0.044352,40.59,500,False
bookWorld,1,1,100,0.9,310,0.3,0.043908,34.27,500,False
bookWorld,1,1,100,0.9,311,0.3,0.043469,18.28,500,False
bookWorld,1,1,100,0.9,312,0.3,0.043034,44.15,500,False
bookWorld,1,1,100,0.9,313,0.3,0.042604,40.04,500,False
bookWorld,1,1,100,0.9,314,0.3,0.042178,35.16,500,False
bookWorld,1,1,100,0.9,315,0.3,0.041756,34.47,500,False
bookWorld,1,1,100,0.9,316,0.3,0.041339,33.47,500,False
bookWorld,1,1,100,0.9,317,0.3,0.040925,44.42,500,False
bookWorld,1,1,100,0.9,318,0.3,0.040516,4.53,500,False
bookWorld,1,1,100,0.9,319,0.3,0.040111,41.82,500,False
bookWorld,1,1,100,0.9,320,0.3,0.03971,34.84,500,False
bookWorld,1,1,100,0.9,321,0.3,0.039313,38.02,500,False
bookWorld,1,1,100,0.9,322,0.3,0.03892,44.31,500,False
bookWorld,1,1,100,0.9,323,0.3,0.03853,39.72,500,False
bookWorld,1,1,100,0.9,324,0.3,0.038145,36.73,500,False
bookWorld,1,1,100,0.9,325,0.3,0.037764,44.43,500,False
bookWorld,1,1,100,0.9,326,0.3,0.037386,42.8,500,False
bookWorld,1,1,100,0.9,327,0.3,0.037012,44.48,500,False
bookWorld,1,1,100,0.9,328,0.3,0.036642,27.46,500,False
bookWorld,1,1,100,0.9,329,0.3,0.036276,33.5,500,False
bookWorld,1,1,100,0.9,330,0.3,0.035913,43.95,500,False
bookWorld,1,1,100,0.9,331,0.3,0.035554,20.67,500,False
bookWorld,1,1,100,0.9,332,0.3,0.035198,34.05,500,False
bookWorld,1,1,100,0.9,333,0.3,0.034846,44.48,500,False
bookWorld,1,1,100,0.9,334,0.3,0.034498,34.45,500,False
bookWorld,1,1,100,0.9,335,0.3,0.034153,44.49,500,False
bookWorld,1,1,100,0.9,336,0.3,0.033811,44.48,500,False
bookWorld,1,1,100,0.9,337,0.3,0.033473,44.47,500,False
bookWorld,1,1,100,0.9,338,0.3,0.033138,42.45,500,False
bookWorld,1,1,100,0.9,339,0.3,0.032807,44.49,500,False
bookWorld,1,1,100,0.9,340,0.3,0.032479,44.46,500,False
bookWorld,1,1,100,0.9,341,0.3,0.032154,20.07,500,False
bookWorld,1,1,100,0.9,342,0.3,0.031833,44.41,500,False
bookWorld,1,1,100,0.9,343,0.3,0.031514,28.74,500,False
bookWorld,1,1,100,0.9,344,0.3,0.031199,42.58,500,False
bookWorld,1,1,100,0.9,345,0.3,0.030887,42.84,500,False
bookWorld,1,1,100,0.9,346,0.3,0.030578,44.49,500,False
bookWorld,1,1,100,0.9,347,0.3,0.030272,44.19,500,False
bookWorld,1,1,100,0.9,348,0.3,0.02997,19.41,500,False
bookWorld,1,1,100,0.9,349,0.3,0.02967,39.75,500,False
bookWorld,1,1,100,0.9,350,0.3,0.029373,44.49,500,False
bookWorld,1,1,100,0.9,351,0.3,0.02908,41.33,500,False
bookWorld,1,1,100,0.9,352,0.3,0.028789,33.1,500,False
bookWorld,1,1,100,0.9,353,0.3,0.028501,30.9,500,False
bookWorld,1,1,100,0.9,354,0.3,0.028216,32.87,500,False
bookWorld,1,1,100,0.9,355,0.3,0.027934,43.8,500,False
bookWorld,1,1,100,0.9,356,0.3,0.027654,43.55,500,False
bookWorld,1,1,100,0.9,357,0.3,0.027378,44.34,500,False
bookWorld,1,1,100,0.9,358,0.3,0.027104,6.31,500,False
bookWorld,1,1,100,0.9,359,0.3,0.026833,40.23,500,False
bookWorld,1,1,100,0.9,360,0.3,0.026565,44.37,500,False
bookWorld,1,1,100,0.9,361,0.3,0.026299,40.92,500,False
bookWorld,1,1,100,0.9,362,0.3,0.026036,21.21,500,False
bookWorld,1,1,100,0.9,363,0.3,0.025776,41.97,500,False
bookWorld,1,1,100,0.9,364,0.3,0.025518,44.49,500,False
bookWorld,1,1,100,0.9,365,0.3,0.025263,44.49,500,False
bookWorld,1,1,100,0.9,366,0.3,0.02501,33.03,500,False
bookWorld,1,1,100,0.9,367,0.3,0.02476,39.94,500,False
bookWorld,1,1,100,0.9,368,0.3,0.024512,32.46,500,False
bookWorld,1,1,100,0.9,369,0.3,0.024267,44.26,500,False
bookWorld,1,1,100,0.9,370,0.3,0.024025,44.49,500,False
bookWorld,1,1,100,0.9,371,0.3,0.023784,38.87,500,False
bookWorld,1,1,100,0.9,372,0.3,0.023547,43.27,500,False
bookWorld,1,1,100,0.9,373,0.3,0.023311,44.48,500,False
bookWorld,1,1,100,0.9,374,0.3,0.023078,42.58,500,False
bookWorld,1,1,100,0.9,375,0.3,0.022847,44.49,500,False
bookWorld,1,1,100,0.9,376,0.3,0.022619,6.31,500,False
bookWorld,1,1,100,0.9,377,0.3,0.022393,13.15,500,False
bookWorld,1,1,100,0.9,378,0.3,0.022169,41.98,500,False
bookWorld,1,1,100,0.9,379,0.3,0.021947,44.49,500,False
bookWorld,1,1,100,0.9,380,0.3,0.021727,43.78,500,False
bookWorld,1,1,100,0.9,381,0.3,0.02151,43.83,500,False
bookWorld,1,1,100,0.9,382,0.3,0.021295,41.79,500,False
bookWorld,1,1,100,0.9,383,0.3,0.021082,44.47,500,False
bookWorld,1,1,100,0.9,384,0.3,0.020871,43.83,500,False
bookWorld,1,1,100,0.9,385,0.3,0.020663,44.36,500,False
bookWorld,1,1,100,0.9,386,0.3,0.020456,43.76,500,False
bookWorld,1,1,100,0.9,387,0.3,0.020251,35.97,500,False
bookWorld,1,1,100,0.9,388,0.3,0.020049,44.48,500,False
bookWorld,1,1,100,0.9,389,0.3,0.019848,37.11,500,False
bookWorld,1,1,100,0.9,390,0.3,0.01965,44.24,500,False
bookWorld,1,1,100,0.9,391,0.3,0.019453,43.7,500,False
bookWorld,1,1,100,0.9,392,0.3,0.019259,42.83,500,False
bookWorld,1,1,100,0.9,393,0.3,0.019066,39.23,500,False
bookWorld,1,1,100,0.9,394,0.3,0.018876,42.46,500,False
bookWorld,1,1,100,0.9,395,0.3,0.018687,44.49,500,False
bookWorld,1,1,100,0.9,396,0.3,0.0185,44.49,500,False
bookWorld,1,1,100,0.9,397,0.3,0.018315,44.1,500,False
bookWorld,1,1,100,0.9,398,0.3,0.018132,44.49,500,False
bookWorld,1,1,100,0.9,399,0.3,0.017951,29.93,500,False
bookWorld,1,1,100,0.9,400,0.3,0.017771,44.49,500,False
bookWorld,1,1,100,0.9,401,0.3,0.017593,42.83,500,False
bookWorld,1,1,100,0.9,402,0.3,0.017417,44.41,500,False
bookWorld,1,1,100,0.9,403,0.3,0.017243,44.49,500,False
bookWorld,1,1,100,0.9,404,0.3,0.017071,44.4,500,False
bookWorld,1,1,100,0.9,405,0.3,0.0169,44.49,500,False
bookWorld,1,1,100,0.9,406,0.3,0.016731,42.01,500,False
bookWorld,1,1,100,0.9,407,0.3,0.016564,44.41,500,False
bookWorld,1,1,100,0.9,408,0.3,0.016398,44.48,500,False
bookWorld,1,1,100,0.9,409,0.3,0.016234,44.49,500,False
bookWorld,1,1,100,0.9,410,0.3,0.016072,44.49,500,False
bookWorld,1,1,100,0.9,411,0.3,0.015911,44.49,500,False
bookWorld,1,1,100,0.9,412,0.3,0.015752,43.52,500,False
bookWorld,1,1,100,0.9,413,0.3,0.015594,44.49,500,False
bookWorld,1,1,100,0.9,414,0.3,0.015439,2.6,500,False
bookWorld,1,1,100,0.9,415,0.3,0.015284,44.49,500,False
bookWorld,1,1,100,0.9,416,0.3,0.015131,44.49,500,False
bookWorld,1,1,100,0.9,417,0.3,0.01498,44.49,500,False
bookWorld,1,1,100,0.9,418,0.3,0.01483,44.42,500,False
bookWorld,1,1,100,0.9,419,0.3,0.014682,44.4,500,False
bookWorld,1,1,100,0.9,420,0.3,0.014535,44.49,500,False
bookWorld,1,1,100,0.9,421,0.3,0.01439,44.49,500,False
bookWorld,1,1,100,0.9,422,0.3,0.014246,39.08,500,False
bookWorld,1,1,100,0.9,423,0.3,0.014103,44.49,500,False
bookWorld,1,1,100,0.9,424,0.3,0.013962,44.4,500,False
bookWorld,1,1,100,0.9,425,0.3,0.013823,30.93,500,False
bookWorld,1,1,100,0.9,426,0.3,0.013684,44.43,500,False
bookWorld,1,1,100,0.9,427,0.3,0.013548,44.46,500,False
bookWorld,1,1,100,0.9,428,0.3,0.013412,44.49,500,False
bookWorld,1,1,100,0.9,429,0.3,0.013278,44.49,500,False
bookWorld,1,1,100,0.9,430,0.3,0.013145,44.49,500,False
bookWorld,1,1,100,0.9,431,0.3,0.013014,43.15,500,False
bookWorld,1,1,100,0.9,432,0.3,0.012884,34.61,500,False
bookWorld,1,1,100,0.9,433,0.3,0.012755,44.45,500,False
bookWorld,1,1,100,0.9,434,0.3,0.012627,41.39,500,False
bookWorld,1,1,100,0.9,435,0.3,0.012501,44.48,500,False
bookWorld,1,1,100,0.9,436,0.3,0.012376,34.6,500,False
bookWorld,1,1,100,0.9,437,0.3,0.012252,23.83,500,False
bookWorld,1,1,100,0.9,438,0.3,0.01213,37.29,500,False
bookWorld,1,1,100,0.9,439,0.3,0.012008,44.49,500,False
bookWorld,1,1,100,0.9,440,0.3,0.011888,44.46,500,False
bookWorld,1,1,100,0.9,441,0.3,0.011769,44.49,500,False
bookWorld,1,1,100,0.9,442,0.3,0.011652,42.46,500,False
bookWorld,1,1,100,0.9,443,0.3,0.011535,44.49,500,False
bookWorld,1,1,100,0.9,444,0.3,0.01142,38.38,500,False
bookWorld,1,1,100,0.9,445,0.3,0.011306,44.49,500,False
bookWorld,1,1,100,0.9,446,0.3,0.011193,44.49,500,False
bookWorld,1,1,100,0.9,447,0.3,0.011081,44.49,500,False
bookWorld,1,1,100,0.9,448,0.3,0.01097,44.49,500,False
bookWorld,1,1,100,0.9,449,0.3,0.01086,44.49,500,False
bookWorld,1,1,100,0.9,450,0.3,0.010752,44.49,500,False
bookWorld,1,1,100,0.9,451,0.3,0.010644,42.12,500,False
bookWorld,1,1,100,0.9,452,0.3,0.010538,44.49,500,False
bookWorld,1,1,100,0.9,453,0.3,0.010432,34.61,500,False
bookWorld,1,1,100,0.9,454,0.3,0.010328,44.49,500,False
bookWorld,1,1,100,0.9,455,0.3,0.010225,44.03,500,False
bookWorld,1,1,100,0.9,456,0.3,0.010122,33.51,500,False
bookWorld,1,1,100,0.9,457,0.3,0.010021,44.49,500,False
bookWorld,1,1,100,0.9,458,0.3,0.01,44.49,500,False
bookWorld,1,1,100,0.9,459,0.3,0.01,21.49,500,False
bookWorld,1,1,100,0.9,460,0.3,0.01,44.49,500,False
bookWorld,1,1,100,0.9,461,0.3,0.01,44.48,500,False
bookWorld,1,1,100,0.9,462,0.3,0.01,-10.98,500,False
bookWorld,1,1,100,0.9,463,0.3,0.01,44.49,500,False
bookWorld,1,1,100,0.9,464,0.3,0.01,44.13,500,False
bookWorld,1,1,100,0.9,465,0.3,0.01,44.49,500,False
bookWorld,1,1,100,0.9,466,0.3,0.01,44.49,500,False
bookWorld,1,1,100,0.9,467,0.3,0.01,43.84,500,False
bookWorld,1,1,100,0.9,468,0.3,0.01,44.49,500,False
bookWorld,1,1,100,0.9,469,0.3,0.01,44.49,500,False
bookWorld,1,1,100,0.9,470,0.3,0.01,21.03,500,False
bookWorld,1,1,100,0.9,471,0.3,0.01,44.49,500,False
bookWorld,1,1,100,0.9,472,0.3,0.01,36.82,500,False
bookWorld,1,1,100,0.9,473,0.3,0.01,44.49,500,False
bookWorld,1,1,100,0.9,474,0.3,0.01,36.36,500,False
bookWorld,1,1,100,0.9,475,0.3,0.01,44.49,500,False
bookWorld,1,1,100,0.9,476,0.3,0.01,44.15,500,False
bookWorld,1,1,100,0.9,477,0.3,0.01,44.47,500,False
bookWorld,1,1,100,0.9,478,0.3,0.01,44.49,500,False
bookWorld,1,1,100,0.9,479,0.3,0.01,44.44,500,False
bookWorld,1,1,100,0.9,480,0.3,0.01,-3.51,500,False
bookWorld,1,1,100,0.9,481,0.3,0.01,44.22,500,False
bookWorld,1,1,100,0.9,482,0.3,0.01,44.49,500,False
bookWorld,1,1,100,0.9,483,0.3,0.01,44.49,500,False
bookWorld,1,1,100,0.9,484,0.3,0.01,44.49,500,False
bookWorld,1,1,100,0.9,485,0.3,0.01,-11.69,500,False
bookWorld,1,1,100,0.9,486,0.3,0.01,29.43,500,False
bookWorld,1,1,100,0.9,487,0.3,0.01,44.19,500,False
bookWorld,1,1,100,0.9,488,0.3,0.01,44.45,500,False
bookWorld,1,1,100,0.9,489,0.3,0.01,44.49,500,False
bookWorld,1,1,100,0.9,490,0.3,0.01,44.49,500,False
bookWorld,1,1,100,0.9,491,0.3,0.01,44.12,500,False
bookWorld,1,1,100,0.9,492,0.3,0.01,44.49,500,False
bookWorld,1,1,100,0.9,493,0.3,0.01,34.61,500,False
bookWorld,1,1,100,0.9,494,0.3,0.01,43.85,500,False
bookWorld,1,1,100,0.9,495,0.3,0.01,44.42,500,False
bookWorld,1,1,100,0.9,496,0.3,0.01,44.49,500,False
bookWorld,1,1,100,0.9,497,0.3,0.01,44.41,500,False
bookWorld,1,1,100,0.9,498,0.3,0.01,44.39,500,False
bookWorld,1,1,100,0.9,499,0.3,0.01,44.49,500,False
